dis_along_flowline,widths_m,area_m2,consensus_ice_thickness,millan_ice_thickness,millan_v,hugonnet_dhdt
100.0,463.2148605804176,92642.97211608352,56.18318655480899,111.5127014188216,57.76847561765449,0.004255891233757864
300.0,1402.342261706273,280468.45234125457,71.59624446323888,127.1042003298398,69.31011876455261,0.007185188333691611
500.0,2444.197228570949,488839.4457141898,71.05186124649651,149.4774745155161,71.23856745149114,0.0213143046478515
700.0,7234.085283806458,1446817.0567612916,60.18710002438939,150.19591478195468,68.89262047651671,0.0031952478859692173
900.0,8008.029921523973,1601605.9843047946,61.69203311194213,175.61081809668224,84.00349954059602,-0.0014630544138796542
1100.0,5760.584099147231,1152116.8198294463,74.99711687065239,188.81948349673368,69.14940072159385,0.022466110003039896
1300.0,7597.158539295498,1519431.7078590996,83.03508188312775,193.3742761564763,73.90618344173897,0.010673231426621627
1500.0,8113.505469901395,1622701.093980279,83.65786785944151,207.1358820184666,74.00159037598029,0.0016928814651331525
1700.0,14804.197495455674,2960839.499091135,82.33160308645864,207.06688771910234,73.68530516014476,0.011745032310024564
1900.0,17007.746105522077,3401549.2211044156,83.98883415263914,231.531054034173,90.65612886114499,-0.0058486917804249985
2100.0,13829.606828826465,2765921.365765293,105.23258087330639,284.9396794372503,97.79655356721153,-0.008145767585947893
2300.0,14714.19636539204,2942839.273078408,118.78452484260482,326.25976112826254,102.41454647269568,0.004573175686951406
2500.0,16375.848100170599,3275169.6200341196,125.3148551012167,346.790262762054,107.30506854600155,0.00025423653803218794
2700.0,18119.83454257434,3623966.908514868,126.61117982962561,354.8844484359482,113.86223827659695,-0.007401942527140713
2900.0,20561.78665598787,4112357.3311975743,137.93736969427877,373.737936997258,129.77881873415717,-0.014236245444931853
3100.0,22096.61242240843,4419322.484481686,155.56287751858181,399.04975279309065,147.77443811304818,-0.022201660551105402
3300.0,20209.758591033442,4041951.7182066883,166.3785673550631,413.6342770203063,154.69742456336232,-0.03323584613746668
3500.0,21008.43189625806,4201686.379251611,164.42760254470113,403.65881184039404,155.8315312677599,-0.03364970377666504
3700.0,21760.18459591551,4352036.919183102,163.48920468904677,398.4951722416879,148.47847953811416,-0.03282846351848854
3900.0,21767.036950825775,4353407.390165155,166.91136398750567,402.29998772237917,137.56681135486383,-0.031563534848556736
4100.0,21061.350460608945,4212270.092121789,173.72154442761922,404.53759422570704,140.85657695915597,-0.026641521514438292
4300.0,22702.526600323356,4540505.320064671,174.2938496228378,410.90912811896646,152.22787881685844,-0.029302259370696405
4500.0,23341.599388048053,4668319.877609611,178.56654362707908,423.75705055463146,163.60378262381565,-0.03638821025107371
4700.0,22732.588765292774,4546517.753058555,186.62618014681567,440.8349050700125,175.824850566767,-0.04809410003006325
4900.0,21648.444032258558,4329688.806451712,192.84836603342518,449.93378609216626,199.30723055677848,-0.06899349826017719
5100.0,22266.28733648384,4453257.467296768,193.53209795100537,444.26566332440035,216.12198987418427,-0.06765048378810805
5300.0,22439.627283149297,4487925.456629859,198.6356856977494,449.38677450752544,225.2199209477678,-0.056772228807082124
5500.0,18825.101162012717,3765020.2324025435,224.71695634041987,507.5440706925976,221.63690838489876,-0.05074922300526609
5700.0,16903.288579585416,3380657.7159170834,239.83234700826804,534.3273459366505,228.18813684479872,-0.0419276573344535
5900.0,16845.06843510289,3369013.687020578,242.87485556750383,526.5694026953907,245.8966547706665,-0.030025018056245696
6100.0,16369.559132196478,3273911.826439296,246.24017742219144,523.4797761595817,264.5455794113078,-0.021060608744077565
6300.0,14588.936634483282,2917787.3268966563,250.61512984802667,534.9907727332559,286.1357192432845,-0.021285804818588838
6500.0,12808.314136770083,2561662.8273540167,254.9900822738619,546.5017693069303,307.7258590752612,-0.021511000893100107
6700.0,12851.698849572096,2570339.7699144194,239.02591435645746,516.0590309720293,357.145297643283,-0.03064694336823663
6900.0,13072.17888456884,2614435.776913768,221.08699379028147,481.54294788384317,409.26672039080887,-0.040648042239530446
7100.0,14379.671590378533,2875934.3180757067,198.7166532219312,439.2762504016804,433.43408366802043,-0.04461325183146218
7300.0,15931.90343017082,3186380.686034164,177.30471658590662,400.43556322181445,456.0172878752656,-0.045539051519022204
7500.0,16984.697646552006,3396939.529310401,166.48547474959182,387.70539265046926,512.172743307247,-0.04203535609176842
7700.0,19755.18595206467,3951037.190412934,147.88171157337126,356.7040507003818,527.6089886290139,-0.03826072169803177
7900.0,19043.34916952041,3808669.833904082,143.8001831936844,366.70805081979944,499.66000774807935,-0.036621863986998834
8100.0,21308.36948445747,4261673.896891494,148.811369098338,403.46115260231085,474.63579841491526,-0.03855035992430283
8300.0,17050.158332242183,3410031.6664484367,165.3227754852621,436.48399683253035,478.3770154564588,-0.04061251745130849
8500.0,15022.25908305291,3004451.816610582,175.8361515494853,440.7912792221216,481.4287517101337,-0.044130731889578
8700.0,14095.344413367811,2819068.882673562,180.21650194347797,431.9280434911856,483.6447387257722,-0.04677865491297169
8900.0,14853.352840176678,2970670.5680353357,168.27910192948,405.1046859399103,483.4991593398351,-0.04462218132071899
9100.0,15101.77656670663,3020355.313341326,159.15502079990785,384.4719840349978,467.30350113649934,-0.044268220948311475
9300.0,15794.541836365715,3158908.367273143,157.27301417407043,380.9139122144313,470.24456497736827,-0.045750100928154375
9500.0,16805.57201264087,3361114.402528174,161.75027757260267,393.5164650102131,473.4556637830553,-0.045430386829101777
9700.0,16217.443544183872,3243488.7088367743,175.39151527918804,428.37854686553146,449.8403459467991,-0.042178517329888206
9900.0,12653.071156727327,2530614.2313454654,210.9371047013173,511.70225847913497,461.6027364600286,-0.04542540106896547
10100.0,10340.685302056989,2068137.0604113978,234.9163792497531,561.7796864859346,475.15597806645934,-0.04697198373080912
10300.0,9976.413646159184,1995282.7292318367,240.8982539517452,560.1252823565715,491.495817093222,-0.045872866471763425
10500.0,9612.14199026138,1922428.3980522759,246.88012865373727,558.4708782272082,507.83565611998466,-0.04477374921271773
10700.0,10256.074774849585,2051214.954969917,245.52324517845398,552.8846115399223,514.2921470281781,-0.045366335344775514
10900.0,11236.49559717316,2247299.119434632,241.71705257565344,545.9860864815834,517.4500724062793,-0.046523527157629835
11100.0,10713.97500919277,2142795.001838554,250.99459606362856,560.0283819931485,531.7952017913251,-0.048156698109621615
11300.0,9151.1081247782,1830221.6249556402,269.3287909235342,588.5660563497124,553.8841901027973,-0.05011934506858659
11500.0,7935.159292379953,1587031.8584759906,283.3599255079418,611.4380229086115,568.129549595968,-0.05129298896944359
11700.0,7280.356903691527,1456071.3807383054,290.4307795401249,625.1456010383694,569.687692636757,-0.05119040565306536
11900.0,6625.554515003103,1325110.9030006207,297.5016335723081,638.8531791681274,571.2458356775459,-0.05108782233668713
12100.0,6089.966120220427,1217993.2240440855,300.433846144527,643.1903502017616,583.0367125360101,-0.05060945464944706
12300.0,6077.424116302307,1215484.8232604614,285.2079431482988,606.4152536904124,639.7232792095838,-0.04848234881928408
12500.0,6064.882112384187,1212976.4224768374,269.9820401520707,569.6401571790634,696.4098458831576,-0.0463552429891211
12700.0,6179.975855076073,1235995.1710152144,254.7411004808834,532.4971544606183,748.0411583959343,-0.04473427806428414
12900.0,7527.650477629732,1505530.0955259465,239.3549513480563,491.80127436656863,750.8537834568385,-0.04800112567622024
13100.0,8370.112649509474,1674022.5299018947,230.84689714393517,464.0833902569149,744.4150205612923,-0.04974391891351408
13300.0,6768.802068889267,1353760.4137778534,255.60900671637623,499.1416173187381,693.2261930530814,-0.044114679753128605
13500.0,5469.140596307028,1093828.1192614057,277.2475597703434,537.7446985661777,696.874431171456,-0.04092125878227591
13700.0,4655.259191341579,931051.8382683158,293.85589242479205,582.056464043387,788.8330694804905,-0.041650514501932405
13900.0,3841.377786376131,768275.5572752262,310.4642250792407,626.3682295205962,880.7917077895253,-0.042379770221588904
14100.0,3335.0112346899846,667002.2469379969,312.975960850569,641.405754298318,977.3666892802611,-0.04130668574205712
14300.0,3625.3901989751225,725078.0397950246,278.96458160058825,580.5961459634278,1085.9022336218075,-0.035563887079146365
14500.0,3915.76916326026,783153.832652052,244.9532023506075,519.7865376285379,1194.437777963354,-0.029821088416235614
14700.0,5048.149256046706,1009629.8512093412,203.1796740812986,451.93662293823365,1265.8693306045243,-0.024760435429761935
14900.0,6936.727414950423,1387345.4829900847,156.6658319489909,382.8687341676652,1256.7851476467647,-0.021263197138341395
15100.0,6303.983594814494,1260796.7189628987,158.01287877179718,386.6234100417655,1171.82564001371,-0.021420258048342994
15300.0,5259.175694160422,1051835.1388320844,186.54874300986683,435.7967784460954,1198.532797328168,-0.02251860681755016
15500.0,4463.900130206833,892780.0260413665,214.51585631904712,482.2313638775298,1195.4081726962588,-0.023995043830218547
15700.0,4205.0919999501975,841018.3999900395,231.44152808791912,520.2109294469738,1173.640433499703,-0.023749712622901716
15900.0,3991.2885658964433,798257.7131792887,247.44092420434552,557.4811964152781,1150.3087080207451,-0.02335994085721171
16100.0,3881.178982278315,776235.7964556629,257.66274600021774,572.902537403118,1182.157890618345,-0.022174466807549496
16300.0,3815.714314686628,763142.8629373256,265.3970594308972,578.9169226113447,1237.764962396365,-0.020646406755913706
16500.0,3757.8282334745295,751565.6466949059,269.72462421458476,577.062795033147,1319.393105008257,-0.01877566298960467
16700.0,3718.344070719913,743668.8141439826,265.7801039856995,556.1027651896642,1464.2042212880267,-0.016072832939881588
16900.0,3671.5218459044877,734304.3691808975,262.49076339866525,546.5633305296021,1594.9918363173276,-0.013913473179870779
17100.0,3604.498335469857,720899.6670939714,261.0050967199793,568.4641730612237,1687.1735153659272,-0.01325025755942314
17300.0,3734.1462633884917,746829.2526776984,253.53355113299133,571.4664449998342,1736.914617322538,-0.013237326040289174
17500.0,4094.8038654648703,818960.7730929741,239.0310103606692,552.2705133187776,1736.8051463277452,-0.013988216251510387
17700.0,5025.7168974941615,1005143.3794988323,218.28429936583927,527.3946731788968,1701.3641846960477,-0.016064246921173597
17900.0,5278.562777686828,1055712.5555373656,203.88612534589655,520.8000434732463,1655.3160972444346,-0.01619297525103009
18100.0,4847.655716896067,969531.1433792134,198.75874299655777,531.3722805440104,1565.1499606640386,-0.01339133008535756
18300.0,5481.432051343076,1096286.4102686152,191.00409516149148,523.2424663570721,1366.6794769725982,-0.0111487875628007
18500.0,5963.560608701762,1192712.1217403524,208.6437297793634,563.4905270055103,1281.2521303827598,-0.012638445477756279
18700.0,5729.982978036468,1145996.5956072935,239.01955422293204,625.6074686708314,1167.1354158687984,-0.009723147744859452
18900.0,5387.027400380671,1077405.4800761342,270.6524388587915,688.1018168737102,1047.731479626936,-0.006155181207626593
19100.0,5616.112064094986,1123222.4128189972,285.2217246492693,703.5109485476256,942.2428437525782,-0.006312860901698181
19300.0,5845.196727809302,1169039.3455618604,299.7910104397469,718.9200802215412,836.7542078782203,-0.006470540595769771
19500.0,5783.412236259451,1156682.44725189,312.66630033630116,736.7758230356951,800.9294653634275,-0.006746101571026933
19700.0,5608.2363659004295,1121647.273180086,324.8812090042765,755.5853438822759,792.2622429166599,-0.007067616958319584
19900.0,5433.060495541409,1086612.0991082818,337.09611767225186,774.3948647288566,783.5950204698922,-0.007389132345612234
20100.0,5115.2639253452335,1023052.7850690467,349.7442371594567,793.9467076658543,762.773300745484,-0.0051193389888234755
20300.0,4778.435509041324,955687.1018082647,362.4501659383926,813.5976088728178,740.3296388908727,-0.0025037515832655377
20500.0,4441.607092737415,888321.4185474829,375.1560947173286,833.2485100797811,717.8859770362614,0.00011183582229240107
20700.0,4574.563358271162,914912.6716542323,375.2111565985234,837.8128354168115,686.0523377217887,0.0026300362777787727
20900.0,5526.593924669468,1105318.7849338935,353.2093052592512,816.0735645302088,637.8471786017218,0.004978441609824391
21100.0,6478.624491067772,1295724.8982135544,331.207453919979,794.3342936436063,589.642019481655,0.007326846941870008
21300.0,7430.655057466079,1486131.0114932158,309.2056025807068,772.5950227570037,541.4368603615881,0.009675252273915625
21500.0,7074.382765165074,1414876.5530330148,297.17575409973796,749.6118733884216,575.808167667095,0.012168985181646098
21700.0,6663.404443687426,1332680.888737485,285.562879926888,726.5767118637282,613.6323685832392,0.014668794889211353
21900.0,6361.856562661096,1272371.3125322193,276.52542742973435,705.9769022364454,662.8293068091107,0.01613357912478418
22100.0,6240.3150443634595,1248063.008872692,271.72438562802125,689.3830971103716,730.7337003732763,0.01589580994124886
22300.0,6171.337898760163,1234267.5797520326,265.4150326280103,671.4472580470403,770.8814556386492,0.01389481453809886
22500.0,6266.141960923075,1253228.3921846151,254.40605101869352,649.3298806557355,724.5444777837225,0.006399920796376527
22700.0,6285.870381954979,1257174.0763909959,255.1568939379383,649.2750842053147,689.0480562634864,0.001238020464150385
22900.0,6090.630983219746,1218126.1966439493,289.58022771660274,712.3931738181864,684.5919392311556,0.0027562962744806787
23100.0,5895.391584484512,1179078.3168969024,324.0035614952672,775.5112634310578,680.1358221988248,0.0042745720848109715
23300.0,5904.217509840073,1180843.5019680145,346.43077753769643,822.124987876621,660.260476866863,0.006187560181219117
23500.0,5917.283217512482,1183456.6435024964,368.6087551165331,868.3958078336393,640.064772494111,0.00810874905440407
23700.0,5930.348925184891,1186069.7850369783,390.78673269536966,914.6666277906575,619.8690681213592,0.010029937927589022
23900.0,5667.325182138966,1133465.036427793,383.1781070743816,894.1312709706696,590.6439125993261,0.011414507870210259
24100.0,5361.621397083277,1072324.2794166554,370.9648380213862,863.2684988005631,560.0229147031141,0.012716123109418869
24300.0,5055.917612027589,1011183.5224055178,358.75156896839087,832.4057266304568,529.401916806902,0.014017738348627483
24500.0,4749.939969685547,949987.9939371094,346.90043429793184,803.181509178954,500.88457868868636,0.01530871797404542
24700.0,4437.813480315583,887562.6960631165,343.1802095309997,810.7473382722021,519.6001710720268,0.01636089890574361
24900.0,4125.686990945619,825137.3981891238,339.4599847640676,818.3131673654501,538.3157634553673,0.0174130798374418
25100.0,3813.5605015756546,762712.1003151309,335.7397599971355,825.8789964586981,557.0313558387079,0.018465260769139992
25300.0,3812.7174169947634,762543.4833989526,335.1629021661498,835.6116723464603,570.5554338590599,0.019740115387440884
25500.0,4205.95552245519,841191.1044910379,338.56551051870093,848.0875512135074,577.5071147428882,0.021296872317452677
25700.0,4599.193627915616,919838.7255831233,341.96811887125216,860.5634300805544,584.4587956267166,0.022853629247464466
25900.0,4770.2014823484515,954040.2964696903,345.0730339702421,872.8202237436212,583.153967615093,0.024102725592121368
26100.0,4561.679318821494,912335.8637642988,347.66954157138605,884.7028585735994,567.7484806927843,0.024826391996680852
26300.0,4353.157155294539,870631.4310589078,350.26604917252996,896.5854934035779,552.3429937704753,0.025550058401240333
26500.0,4144.634991767582,828926.9983535163,352.86255677367393,908.4681282335562,536.9375068481665,0.026273724805799814
26700.0,3943.516903688696,788703.3807377391,354.9405600387188,919.3594228083215,522.7889669571664,0.026944201171325087
26900.0,4090.5186782394544,818103.7356478908,332.63987355084964,883.6405449335476,567.7387210990765,0.025113823890541287
27100.0,4237.520452790213,847504.0905580426,310.3391870629805,847.9216670587738,612.6884752409868,0.023283446609757487
27300.0,4384.522227340973,876904.4454681945,288.0385005751114,812.2027891839999,657.638229382897,0.021453069328973687
27500.0,4531.524001891731,906304.8003783462,265.73781408724227,776.4839113092262,702.5879835248071,0.019622692048189887
27700.0,4482.151637765434,896430.3275530869,250.02084276276614,753.2734525338772,742.1132592573967,0.016307872277409256
27900.0,4402.06904839848,880413.809679696,235.33347430224265,732.0191391579975,780.7902208744639,0.012760906035959307
28100.0,4465.861619632495,893172.3239264989,225.0298562995973,731.2972174374831,812.5150797184801,0.011962532280376047
28300.0,4633.394533939786,926678.9067879572,217.88711592550382,745.380056632927,839.2271655185295,0.013146015061121943
28500.0,4473.692886498076,894738.5772996153,201.02265625524396,745.4938766527531,847.3650620775642,0.011864112869862555
28700.0,3887.1267870101133,777425.3574020227,171.47660097929568,727.385667544136,831.2736685818074,0.007366214178926245
28900.0,3300.56068752215,660112.13750443,141.9305457033474,709.2774584355188,815.1822750860507,0.0028683154879899347
29100.0,2672.0126279117,534402.52558234,103.17403439735672,522.2339376113549,689.3319236799,-0.005160878657020661
29300.0,2032.5380536138432,406507.61072276864,62.02034623739501,291.2221466231538,534.9149483671189,-0.014109152128769111
