dis_along_flowline,area,mean_elevation,slope,consensus_ice_thickness,millan_ice_thickness,millan_v,hugonnet_dhdt,bin_elevation,dx,width
80.1504484207121,60000.0,2797.329833984375,0.18500792980194092,52.8742029667581,109.53556562979307,57.56002142361192,0.005263527490178368,2805.0,160.3008968414242,374.2960967919868
214.64106376183332,110000.0,2773.82666015625,0.26933181285858154,73.35544591578828,118.74199492560267,61.667580113242316,-0.0015637108796504849,2775.0,108.68033384081824,1012.142639910498
315.8497892919105,140000.0,2744.074462890625,0.30974283814430237,70.83723611737763,127.82124582252949,71.29509133463105,0.008809718994204161,2745.0,93.73711721933604,1493.5385699179672
410.922295551851,170000.0,2714.058349609375,0.3016798794269562,63.569004245032055,156.41293137977735,91.88051945851447,0.04196114727109969,2715.0,96.407895300545,1763.3410569750192
529.3602679959051,380000.0,2683.18115234375,0.21041056513786316,73.03708694685525,146.08945576096872,65.08713790368789,0.014509045841022949,2685.0,140.46804958756337,2705.2415201587883
647.8330557182506,550000.0,2654.785888671875,0.3014751076698303,63.60234749730897,147.5670935008373,68.56092063030842,-0.0031669916914267866,2655.0,96.47752585712762,5700.809542053226
734.2736430730724,640000.0,2624.095458984375,0.3741553723812103,57.43535394700689,150.5430048796855,69.89659708163268,0.0073752344928775726,2625.0,76.40364885251587,8376.563287381865
808.3402993912496,380000.0,2594.052001953125,0.39612841606140137,61.99377193653984,171.88237184455338,90.24121644174956,0.004952356520228832,2595.0,71.72966378383835,5297.6687740396055
873.9014881587096,550000.0,2565.30224609375,0.46772921085357666,58.66790979354401,166.16591201573908,76.3370037033633,-0.004222367418847496,2565.0,59.392713751081736,9260.395177514223
949.3558031863607,540000.0,2532.878662109375,0.316772997379303,66.50265925399572,190.65706127008897,100.17420223396245,0.003755178350920811,2535.0,91.51591630422053,5900.612940430083
1065.3394915850859,730000.0,2504.1103515625,0.210434690117836,72.73727709978354,183.17102967343064,64.85051411709331,0.026540279384915863,2505.0,140.45146049322972,5197.525162333137
1199.7600794864634,980000.0,2475.98046875,0.22954510152339935,80.02006195630507,201.01629841260578,83.36908843784035,0.010739811689355352,2475.0,128.38971530952543,7633.0101491181695
1330.2076589478183,1020000.0,2444.08935546875,0.22265209257602692,83.39332273240215,189.67590084280502,71.71676733346044,0.010653167226061588,2445.0,132.50544361318455,7697.7969522341045
1489.299715768933,1450000.0,2414.888427734375,0.16018515825271606,83.23777192468441,206.24202803463228,74.78873472611238,0.0012549398007620034,2415.0,185.6786700290448,7809.189928887274
1642.2833959536167,1620000.0,2385.631103515625,0.24441388249397278,83.15229132431153,202.5999260459194,70.82008204424753,0.007516262030613146,2385.0,120.28869034032229,13467.600282426181
1752.606918485767,1640000.0,2354.514892578125,0.29047372937202454,80.78205345180159,208.9436098441958,77.26671579695912,0.015599427021211297,2355.0,100.35835472397835,16341.439678944429
1858.371205454036,1930000.0,2323.970947265625,0.26357802748680115,80.54078472518943,218.74493563936042,87.12537150493375,-0.0018566621039028106,2325.0,111.17021921255972,17360.76454351323
1971.2737997646823,1940000.0,2293.79150390625,0.25595998764038086,88.73219330177686,249.94049431324984,98.39425665962611,-0.012683555170594928,2295.0,114.63496940873252,16923.282747020276
2130.563107526577,2710000.0,2264.29296875,0.1460520327091217,108.4870157395155,291.2942677367851,98.4879368702729,-0.007068373165629469,2265.0,203.94364611505694,13287.984458565212
2342.1811761469025,3350000.0,2234.72216796875,0.13595961034297943,120.59249572561762,332.7048490906966,104.27284088204331,0.007471329776094105,2235.0,219.29249112559384,15276.400859897105
2561.438553344332,3740000.0,2204.911865234375,0.13600262999534607,126.26655956808263,349.6020664159282,109.5120368138171,-0.002555363464502587,2205.0,219.22226326926494,17060.31104790783
2787.1640792742905,4440000.0,2174.909423828125,0.12847144901752472,125.77748437236158,355.00159862205174,117.87603727270958,-0.010450753086074325,2175.0,232.22878859065224,19119.076609516967
3041.9263002761045,6350000.0,2144.4150390625,0.10776861757040024,151.64604531862423,392.625563538464,146.76792601471212,-0.018997680648905075,2145.0,277.29565341297604,22899.745891591578
3329.672564091771,6010000.0,2114.802490234375,0.10026730597019196,167.12766452482668,413.4924205165703,156.7968283198063,-0.03487290903252576,2115.0,298.1968742183574,20154.47014913752
3601.8446914715632,5390000.0,2084.971435546875,0.12128005176782608,161.4749670047368,394.2022283320623,156.96897325708633,-0.03291830685740041,2085.0,246.147380541227,21897.450170497483
3854.3415692513922,5740000.0,2054.992919921875,0.1153840646147728,164.5144813851814,399.56118344505995,137.75787150256727,-0.03268719187335461,2055.0,258.8463750184308,22175.31537612335
4121.595380477114,5850000.0,2025.2081298828125,0.10840260237455368,173.56836671254874,402.53464756731887,142.18415359539185,-0.026110057761119725,2025.0,275.66124743301384,21221.698931118564
4395.47819382146,6500000.0,1994.6864013671875,0.10980831831693649,173.3193506845236,411.8929883423154,159.21225045354626,-0.031010654841685067,1995.0,272.10437925567715,23887.89191037757
4673.305903056809,6560000.0,1965.0423583984375,0.1054089143872261,184.84943277655213,437.18271689363513,173.8797613221419,-0.04530464721801822,1965.0,283.5510392150221,23135.164724349426
4966.996354809566,6540000.0,1935.2117919921875,0.09842044860124588,193.9398804671096,450.4698991858498,208.59995703503856,-0.07599441575583284,1935.0,303.8298642904913,21525.20462487228
5248.844615864442,6140000.0,1904.7938232421875,0.11493503302335739,190.98701031333707,432.10205432672154,227.6935055132563,-0.0583127746842951,1905.0,259.8666578192606,23627.502087129706
5604.804954926749,7740000.0,1875.4981689453125,0.06626658141613007,237.17008263637297,535.0365400256763,221.27254249680576,-0.0475930187473517,1875.0,452.0540203053541,17121.84750568477
6051.545681804117,7500000.0,1844.89111328125,0.06785699725151062,243.93153228911584,517.80368540641,261.10049565741014,-0.02100605013282345,1845.0,441.4274334493812,16990.335062308786
6517.699774929064,6280000.0,1815.203857421875,0.06103872135281563,254.07660817854193,544.4844030255847,311.76866143987695,-0.021530930492268972,1815.0,490.88075280051396,12793.331097567174
6950.325193850889,4970000.0,1785.67529296875,0.07996373623609543,215.47007510908182,470.235743318805,425.2902659185632,-0.04316457843662937,1785.0,374.37008504313644,13275.633386752406
7262.83079065094,3990000.0,1755.37451171875,0.1191263273358345,178.3775423418375,400.50970852156917,448.52514412642535,-0.046189259446535555,1755.0,250.64110855696524,15919.176319367261
7496.736581095618,3720000.0,1725.2852783203125,0.13727155327796936,165.9435216566845,386.069694699519,515.4335236936225,-0.042097501728201425,1725.0,217.1704723323912,17129.40051217616
7696.6055177338385,3650000.0,1695.069580078125,0.16286736726760864,147.20443780202604,354.5784916408897,531.7213973214728,-0.038291376117454236,1695.0,182.56740094404907,19992.616322114405
7891.033880570532,3950000.0,1664.8531494140625,0.14441442489624023,142.8572218135129,363.03188429541876,504.26288483291745,-0.0365355594377129,1665.0,206.289324729339,19147.864317179672
8095.081550991833,4370000.0,1634.1644287109375,0.14757683873176575,147.64947892884643,400.4163022636188,477.81141303676793,-0.03849964684108599,1635.0,201.80601611326247,21654.458495168758
8345.000336937735,4850000.0,1605.26806640625,0.10032255202531815,168.1769492292425,441.45262703564106,482.51860632924917,-0.04107650636897822,1605.0,298.0315557785424,16273.444559689104
8657.587895982013,4610000.0,1575.287109375,0.09144709259271622,181.8172063713498,435.18957639479413,487.0061098922493,-0.04723595782450503,1575.0,327.14356231001346,14091.672681705995
8947.134610910973,3830000.0,1545.288330078125,0.1185133159160614,164.62305078106965,396.5718358380989,486.7938984724912,-0.044113958602165965,1545.0,251.94986754790543,15201.436846446322
9196.830667306827,3790000.0,1515.070556640625,0.12065155059099197,154.36732321711466,373.32507708752877,460.2135696472665,-0.04436593650058011,1515.0,247.44224524380346,15316.70550542303
9428.93510601574,3640000.0,1485.17138671875,0.1375240832567215,159.1023329807029,385.6460509007825,490.06542887451377,-0.04747995012416768,1485.0,216.7666321740232,16792.2524029333
9644.175974558137,3720000.0,1455.134033203125,0.13946253061294556,164.62727658184036,402.87476886697533,449.6321353045534,-0.04127224672760315,1455.0,213.71510491077044,17406.350391345342
10021.753304798227,5740000.0,1423.5032958984375,0.05535124987363815,231.3915450563754,559.3082098358462,471.99110210473157,-0.047401995196606914,1425.0,541.4395555694103,10601.368039990117
10550.046838691393,4960000.0,1396.3577880859375,0.05817004665732384,247.11199856048515,554.9623873733153,515.4494582458786,-0.04449871249188585,1395.0,515.1475122169203,9628.310109962104
10981.811137110277,4100000.0,1364.6126708984375,0.0859006866812706,238.93695730644805,540.1522851999539,522.3137987407205,-0.04699688304795146,1365.0,348.38108462084784,11768.721612604588
11423.59175947323,4430000.0,1334.733154296875,0.05599728599190712,279.22915617899815,602.8396942713124,571.4422093139287,-0.05133218002300292,1335.0,535.1801601050556,8277.586372279557
12062.87674073238,4580000.0,1306.0067138671875,0.04033379256725311,301.7154994888345,646.4119768424351,576.4569912378674,-0.051004280155561146,1305.0,743.3898024132434,6160.966945110206
12681.233026545031,3020000.0,1276.1068115234375,0.06073731556534767,254.88009213812774,533.3419016757215,752.9262898780141,-0.04442773385221103,1275.0,493.32276921205937,6121.752711360917
13065.73652182926,2410000.0,1245.5736083984375,0.10839363932609558,225.45060505328004,455.5372044684114,758.370844509194,-0.05070830547896285,1245.0,275.6842213563989,8741.88587269346
13423.383812191834,2570000.0,1214.431396484375,0.06813661009073257,269.50558860557874,517.8819660397633,666.2028056138732,-0.04064189481638907,1215.0,439.61035936874896,5846.0860742461755
14044.303922907602,2640000.0,1186.6007080078125,0.03737834841012955,320.80521763135596,654.6894512200739,953.6635089260812,-0.042905942527335164,1185.0,802.229862062785,3290.8273860707836
14616.105292648299,1410000.0,1155.517333984375,0.08765525370836258,224.0616945782264,481.79841494192317,1266.10406773185,-0.02648724181934807,1155.0,341.37287741861047,4130.3808628913985
14868.240666650056,1150000.0,1125.239501953125,0.18212376534938812,158.19332648882803,384.5207865322691,1291.5950944577146,-0.02129753452301426,1125.0,162.8978705849033,7059.638016573172
15026.479609483644,1050000.0,1095.051025390625,0.19290879368782043,146.60714536048098,365.7115197394395,1161.2746176952521,-0.021126450596584686,1095.0,153.5800150822721,6836.827040533366
15211.665065362362,1230000.0,1064.1448974609375,0.13750888407230377,173.3091842652781,412.9849700212143,1208.1752398019462,-0.02186650198249696,1065.0,216.79089667516428,5673.669968914842
15515.479571208558,1740000.0,1034.475341796875,0.07660790532827377,215.57688375464892,483.13133297922695,1203.3960246342854,-0.02410931688958137,1035.0,390.83811501722687,4451.971118331963
15960.193187649107,1980000.0,1005.2109375,0.06009732931852341,250.97144077742766,565.5447669505199,1151.1591108110183,-0.0232426328320492,1005.0,498.58911786387284,3971.2058066630107
16441.659437127066,1770000.0,976.2483520507812,0.06451769173145294,269.49566716029096,579.9430984667911,1285.9455190892027,-0.019564086121858344,975.0,464.3433810920458,3811.83424180033
16846.7085266792,1290000.0,945.2197265625,0.08654993027448654,261.5477320759352,537.729280134014,1581.2430307875538,-0.01409019186758598,945.0,345.7547980122215,3730.967747711203
17208.028934362537,1360000.0,914.6862182617188,0.0794321820139885,258.8773934497787,577.0759873792775,1748.9253730285068,-0.01289202517577542,915.0,376.88601735445684,3608.5180595090533
17552.26903225417,1320000.0,885.1935424804688,0.09598322957754135,234.04274509208477,544.2191519888087,1748.7356540633773,-0.014184457774858725,885.0,311.59417842881214,4236.279402445805
17812.01608127401,1190000.0,854.8624877929688,0.14331096410751343,204.38085427572003,509.4956755820376,1686.043372941691,-0.01748958527104411,855.0,207.8999196108639,5723.907937181406
18042.169998121768,1190000.0,823.8920288085938,0.11830025166273117,200.37038561384145,531.5119852970109,1635.4811402927248,-0.014097830515727442,825.0,252.4079140846508,4714.590682766413
18289.787645058994,1340000.0,794.119140625,0.12292168289422989,189.13517561254926,518.2972733773439,1380.4822838265886,-0.01107272298595975,795.0,242.82737978980057,5518.323350356736
18537.77590160545,1550000.0,763.6011962890625,0.11795707792043686,210.89589074873857,567.925773935637,1273.8280111666334,-0.012919811331862065,765.0,253.14913330311202,6122.873026565268
18881.795320913454,2360000.0,734.26513671875,0.06887389719486237,267.95459723574675,682.891383535159,1064.6140129965033,-0.006140828666481481,735.0,434.88970531289266,5426.663292252542
19356.09816900336,3070000.0,705.9132690429688,0.05833177641034126,302.3298941748031,719.2317228986017,812.7236022549663,-0.006514768306401993,705.0,513.7159908669141,5976.064702247763
19923.54660855663,3400000.0,674.8092041015625,0.04825761541724205,336.8100399677647,772.3029608717166,787.9632639145087,-0.007426985330459824,675.0,621.1808882396251,5473.445922709111
20627.1006854679,3360000.0,643.7618408203125,0.03815294802188873,381.27893764338063,841.0469984378025,708.4679686759686,0.0017740505830305792,645.0,785.9272655829179,4275.204776752345
21308.027244673638,4350000.0,615.768798828125,0.05204300209879875,306.752225303103,767.4431829479278,543.2169975023766,0.009769508394881728,615.0,575.9258528285573,7553.05562102439
21824.38387983213,2960000.0,585.8515014648438,0.06558188050985336,276.92300196274124,708.3011697581242,641.5433094037588,0.01622347504055638,585.0,456.7874174884304,6480.038386948282
22251.407028900296,2470000.0,554.9459838867188,0.07537443935871124,266.72442988529747,673.0679376981775,787.525380117491,0.015715810313033277,555.0,397.25888064789945,6217.608014128256
22648.231454073448,2540000.0,524.5914306640625,0.07553903758525848,244.99251450001293,629.4277003376332,694.9540877517164,0.0008450258090691421,525.0,396.38996969840827,6407.831161652624
23104.070742566004,3070000.0,494.89178466796875,0.0581541545689106,323.0504651973741,772.4885102874423,684.7277868326619,0.004305474634651204,495.0,515.2886072867038,5957.826267817849
23726.77799662979,4380000.0,464.7590026855469,0.041065704077482224,391.75071692717466,915.7555213408403,621.4147484784979,0.010287165873445742,465.0,730.125900840868,5998.965377006434
24491.4722125462,3850000.0,436.8414001464844,0.037516988813877106,345.29146708855114,798.4069469509299,503.5300680055122,0.015263854097303103,435.0,799.2625309919548,4816.94043035123
25211.738296174637,2360000.0,404.8404846191406,0.04674810916185379,331.96194410094273,825.5029087526766,571.395211013592,0.019053105292017074,405.0,641.2696362649172,3680.19919630976
25826.139938948927,2880000.0,373.9054260253906,0.05101659893989563,342.36154793244276,863.616388141958,592.8978825877444,0.023835475368014582,375.0,587.5336492836614,4901.846904447741
26695.83483717687,4590000.0,347.04046630859375,0.026039032265543938,353.5948900073073,915.0011979162564,525.4462325818931,0.026982320268336284,345.0,1151.8561471722267,3984.8725999929043
27527.04741507591,2350000.0,316.3663024902344,0.05869049206376076,261.38387511996336,767.3744702984011,713.5466038598507,0.01937515717789559,315.0,510.56900862585485,4602.70788139842
27983.791476328362,1780000.0,284.9167785644531,0.0743194967508316,228.0128642314637,719.104718175993,802.4821721400873,0.011274878346669697,285.0,402.919113879049,4417.760137669548
28413.211778357305,2180000.0,254.59796142578125,0.06570608168840408,212.75478376168323,749.1743335650249,860.2306577547452,0.013815936012439448,255.0,455.92149017883776,4781.524992701886
28941.303457439153,1930000.0,227.7587890625,0.04993663728237152,135.13699002286037,701.6254958675687,817.4494337962959,0.001939421652256387,225.0,600.2618679848578,3215.2633757650024
29346.397815678774,400000.0,201.58245849609375,0.14194583892822266,52.20589104378199,236.31224339624737,502.52854975720965,-0.016185053844696203,195.0,209.92684849438115,1905.4256416882583
